<?xml version="1.0" encoding="UTF-8"?>
<beans xmlns="http://www.springframework.org/schema/beans"
	xmlns:xsi="http://www.w3.org/2001/XMLSchema-instance" xmlns:ws="http://jax-ws.dev.java.net/spring/core"
	xmlns:wss="http://jax-ws.dev.java.net/spring/servlet"
	xsi:schemaLocation="http://www.springframework.org/schema/beans
       http://www.springframework.org/schema/beans/spring-beans.xsd
       http://jax-ws.dev.java.net/spring/core http://jax-ws.java.net/spring/core.xsd
        http://jax-ws.dev.java.net/spring/servlet http://jax-ws.java.net/spring/servlet.xsd">
	<!-- Web service methods -->
	<!-- <bean id="webser" class="com.synapzen.mdmapp.process.Webser" /> -->
	<!-- <bean id="mdmServices" class="com.synapzen.mdmapp.webservices.MdmServices" /> -->
	<!-- <wss:binding url="/ws">
		<wss:service>
			<ws:service bean="#webser" />
			<ws:service bean="#mdmServices" />
		</wss:service>
	</wss:binding> -->
</beans>